<?xml version="1.0" encoding="UTF-8"?>

<!-- generated on 11/19/20 20:06:46 by Eclipse SUMO netedit Version 1.7.0
<configuration xmlns:xsi="http://www.w3.org/2001/XMLSchema-instance" xsi:noNamespaceSchemaLocation="http://sumo.dlr.de/xsd/netconvertConfiguration.xsd">

    <output>
        <output-file value="C:\Users\lee\Downloads\highway.net.xml"/>
    </output>

    <processing>
        <offset.disable-normalization value="true"/>
    </processing>

    <junctions>
        <no-turnarounds value="true"/>
    </junctions>

    <report>
        <aggregate-warnings value="5"/>
    </report>

</configuration>
-->

<net version="1.6" junctionCornerDetail="5" limitTurnSpeed="5.50" xmlns:xsi="http://www.w3.org/2001/XMLSchema-instance" xsi:noNamespaceSchemaLocation="http://sumo.dlr.de/xsd/net_file.xsd">

    <location netOffset="0.00,0.00" convBoundary="-176.59,48.57,85.09,48.57" origBoundary="10000000000.00,10000000000.00,-10000000000.00,-10000000000.00" projParameter="!"/>

    <edge id="gneE1" from="gneJ2" to="gneJ3" priority="-1">
        <lane id="gneE1_0" index="0" speed="13.89" length="261.67" shape="-176.59,40.57 85.09,40.57"/>
        <lane id="gneE1_1" index="1" speed="13.89" length="261.67" shape="-176.59,43.77 85.09,43.77"/>
        <lane id="gneE1_2" index="2" speed="13.89" length="261.67" shape="-176.59,46.97 85.09,46.97"/>
    </edge>

    <junction id="gneJ2" type="dead_end" x="-176.59" y="48.57" incLanes="" intLanes="" shape="-176.59,48.57 -176.59,38.97"/>
    <junction id="gneJ3" type="dead_end" x="85.09" y="48.57" incLanes="gneE1_0 gneE1_1 gneE1_2" intLanes="" shape="85.09,38.97 85.09,48.57"/>

    <routes>
	    <vType id="type1" accel="0.8" decel="4.5" sigma="0.5" length="5" maxSpeed="70"/>
	
	    <route id="route1" color="1,1,0" edges="gneE1"/>
	
	    <vehicle id="0" type="type1" route="route1" depart="0" color="1,0,0"/>
	    <vehicle id="1" type="type1" route="route1" depart="0" color="0,1,0"/>
	    <vehicle id="2" type="type1" route="route1" depart="0" color="0,0,1"/>
	    <vehicle id="3" type="type1" route="route1" depart="0" color="1,0,0"/>
	    <vehicle id="4" type="type1" route="route1" depart="0" color="0,1,0"/>
	    <vehicle id="5" type="type1" route="route1" depart="0" color="0,0,1"/>
	</routes>

</net>
